gender,race/ethnicity,parental level of education,lunch,test preparation course,math score,reading score,writing score,project score,extra curricular activities,ecc score,intern score,attendance
female,group B,bachelor's degree,standard,none,72,72,74,72,cricket ,75,73,93
female,group C,some college,standard,completed,69,90,88,42,cricket,55,66,94
female,group B,master's degree,standard,none,90,95,93,46,football,87,49,95
male,group A,associate's degree,free/reduced,none,47,57,44,57,cricket,49,100,85
male,group C,some college,standard,none,76,78,75,73,athletics,66,92,82
female,group B,associate's degree,standard,none,71,83,78,57,football,85,62,92
female,group B,some college,standard,completed,88,95,92,57,hockey,43,52,84
male,group B,some college,free/reduced,none,40,43,39,67,cricket,61,53,95
male,group D,high school,free/reduced,completed,64,64,67,95,athletics,60,78,96
female,group B,high school,free/reduced,none,38,60,50,78,athletics,62,64,92
male,group C,associate's degree,standard,none,58,54,52,74,hockey,52,89,83
male,group D,associate's degree,standard,none,40,52,43,81,hockey,62,51,83
female,group B,high school,standard,none,65,81,73,54,cricket,74,85,82
male,group A,some college,standard,completed,78,72,70,82,hockey,80,42,92
female,group A,master's degree,standard,none,50,53,58,90,football,93,95,93
female,group C,some high school,standard,none,69,75,78,68,athletics,68,59,98
male,group C,high school,standard,none,88,89,86,83,hockey,61,67,94
female,group B,some high school,free/reduced,none,18,32,28,43,football,53,58,93
male,group C,master's degree,free/reduced,completed,46,42,46,67,football,69,92,99
female,group C,associate's degree,free/reduced,none,54,58,61,95,cricket,83,60,84
male,group D,high school,standard,none,66,69,63,74,football,87,99,84
female,group B,some college,free/reduced,completed,65,75,70,64,cricket,61,65,98
male,group D,some college,standard,none,44,54,53,62,football,51,70,89
female,group C,some high school,standard,none,69,73,73,72,football,77,31,82
male,group D,bachelor's degree,free/reduced,completed,74,71,80,80,hockey,52,75,84
male,group A,master's degree,free/reduced,none,73,74,72,68,football,76,58,97
male,group B,some college,standard,none,69,54,55,73,athletics,50,71,95
female,group C,bachelor's degree,standard,none,67,69,75,89,hockey,32,64,89
male,group C,high school,standard,none,70,70,65,38,hockey,61,57,94
female,group D,master's degree,standard,none,62,70,75,70,football,51,95,97
female,group D,some college,standard,none,69,74,74,70,football,64,78,85
female,group B,some college,standard,none,63,65,61,94,hockey,61,78,85
female,group E,master's degree,free/reduced,none,56,72,65,48,athletics,68,61,93
male,group D,some college,standard,none,40,42,38,77,athletics,56,48,84
male,group E,some college,standard,none,97,87,82,90,football,52,73,90
male,group E,associate's degree,standard,completed,81,81,79,72,hockey,70,74,87
female,group D,associate's degree,standard,none,74,81,83,56,hockey,59,90,81
female,group D,some high school,free/reduced,none,50,64,59,70,cricket,73,78,98
female,group D,associate's degree,free/reduced,completed,75,90,88,66,hockey,100,55,98
male,group B,associate's degree,free/reduced,none,57,56,57,72,cricket,79,100,93
male,group C,associate's degree,free/reduced,none,55,61,54,75,cricket,64,62,93
female,group C,associate's degree,standard,none,58,73,68,54,football,85,90,92
female,group B,associate's degree,standard,none,53,58,65,54,hockey,67,50,92
male,group B,some college,free/reduced,completed,59,65,66,72,cricket,92,87,96
female,group E,associate's degree,free/reduced,none,50,56,54,86,athletics,60,45,99
male,group B,associate's degree,standard,none,65,54,57,75,football,75,68,88
female,group A,associate's degree,standard,completed,55,65,62,91,hockey,87,81,85
female,group C,high school,standard,none,66,71,76,76,football,75,42,80
female,group D,associate's degree,free/reduced,completed,57,74,76,44,football,79,82,83
male,group C,high school,standard,completed,82,84,82,62,hockey,72,96,90
male,group E,some college,standard,none,53,55,48,74,athletics,58,52,86
male,group E,associate's degree,free/reduced,completed,77,69,68,52,hockey,59,41,90
male,group C,some college,standard,none,53,44,42,60,football,64,54,86
male,group D,high school,standard,none,88,78,75,51,football,60,87,97
female,group C,some high school,free/reduced,completed,71,84,87,80,hockey,42,72,87
female,group C,high school,free/reduced,none,33,41,43,68,athletics,64,64,84
female,group E,associate's degree,standard,completed,82,85,86,77,cricket,71,78,91
male,group D,associate's degree,standard,none,52,55,49,50,cricket,64,81,93
male,group D,some college,standard,completed,58,59,58,76,hockey,66,67,97
female,group C,some high school,free/reduced,none,0,17,10,77,cricket,52,71,93
male,group E,bachelor's degree,free/reduced,completed,79,74,72,44,cricket,59,52,90
male,group A,some high school,free/reduced,none,39,39,34,77,hockey,77,56,85
male,group A,associate's degree,free/reduced,none,62,61,55,70,hockey,73,89,83
female,group C,associate's degree,standard,none,69,80,71,61,cricket,90,84,86
female,group D,some high school,standard,none,59,58,59,70,athletics,41,67,85
male,group B,some high school,standard,none,67,64,61,62,cricket,77,56,94
male,group D,some high school,free/reduced,none,45,37,37,55,hockey,87,88,100
female,group C,some college,standard,none,60,72,74,80,cricket,76,69,97
male,group B,associate's degree,free/reduced,none,61,58,56,46,cricket,62,74,89
female,group C,associate's degree,standard,none,39,64,57,65,athletics,89,69,89
female,group D,some college,free/reduced,completed,58,63,73,72,cricket,57,79,97
male,group D,some college,standard,completed,63,55,63,60,football,90,81,97
female,group A,associate's degree,free/reduced,none,41,51,48,69,cricket,54,55,91
male,group C,some high school,free/reduced,none,61,57,56,41,football,78,42,87
male,group C,some high school,standard,none,49,49,41,73,cricket,62,72,95
male,group B,associate's degree,free/reduced,none,44,41,38,47,cricket,60,91,90
male,group E,some high school,standard,none,30,26,22,83,athletics,56,54,99
male,group A,bachelor's degree,standard,completed,80,78,81,53,cricket,100,60,98
female,group D,some high school,standard,completed,61,74,72,84,football,70,88,83
female,group E,master's degree,standard,none,62,68,68,58,cricket,52,53,94
female,group B,associate's degree,standard,none,47,49,50,91,football,52,91,88
male,group B,high school,free/reduced,none,49,45,45,62,hockey,72,53,94
male,group A,some college,free/reduced,completed,50,47,54,82,cricket,55,84,95
male,group E,associate's degree,standard,none,72,64,63,56,cricket,87,55,100
male,group D,high school,free/reduced,none,42,39,34,76,football,65,67,81
female,group C,some college,standard,none,73,80,82,64,athletics,89,90,99
female,group C,some college,free/reduced,none,76,83,88,62,football,54,66,98
female,group D,associate's degree,standard,none,71,71,74,38,cricket,86,79,97
female,group A,some college,standard,none,58,70,67,74,hockey,74,61,96
female,group D,some high school,standard,none,73,86,82,74,football,60,57,81
female,group C,bachelor's degree,standard,none,65,72,74,94,cricket,62,73,93
male,group C,high school,free/reduced,none,27,34,36,79,football,99,68,83
male,group C,high school,standard,none,71,79,71,86,athletics,74,63,81
male,group C,associate's degree,free/reduced,completed,43,45,50,72,football,74,58,84
female,group B,some college,standard,none,79,86,92,70,athletics,63,83,97
male,group C,associate's degree,free/reduced,completed,78,81,82,36,cricket,43,73,94
male,group B,some high school,standard,completed,65,66,62,76,cricket,71,52,91
female,group E,some college,standard,completed,63,72,70,83,cricket,51,82,89
female,group D,some college,free/reduced,none,58,67,62,71,football,40,78,99
female,group D,bachelor's degree,standard,none,65,67,62,53,hockey,56,70,89
male,group B,some college,standard,none,79,67,67,76,football,90,67,86
male,group D,bachelor's degree,standard,completed,68,74,74,54,football,17,40,97
female,group D,associate's degree,standard,none,85,91,89,51,cricket,67,100,97
male,group B,high school,standard,completed,60,44,47,70,hockey,60,73,98
male,group C,some college,standard,completed,98,86,90,76,cricket,77,82,94
female,group C,some college,standard,none,58,67,72,52,hockey,80,89,99
female,group D,master's degree,standard,none,87,100,100,72,hockey,64,46,85
male,group E,associate's degree,standard,completed,66,63,64,55,football,34,85,93
female,group B,associate's degree,free/reduced,none,52,76,70,77,football,75,23,82
female,group B,some high school,standard,none,70,64,72,65,cricket,57,99,92
female,group D,associate's degree,free/reduced,completed,77,89,98,88,football,76,84,93
male,group C,high school,standard,none,62,55,49,69,athletics,74,64,81
male,group A,associate's degree,standard,none,54,53,47,71,hockey,56,70,97
female,group D,some college,standard,none,51,58,54,55,cricket,61,48,91
female,group E,bachelor's degree,standard,completed,99,100,100,77,football,84,53,80
male,group C,high school,standard,none,84,77,74,60,hockey,97,86,100
female,group B,bachelor's degree,free/reduced,none,75,85,82,93,cricket,90,70,87
female,group D,bachelor's degree,standard,none,78,82,79,50,football,62,58,86
female,group D,some high school,standard,none,51,63,61,94,cricket,69,78,97
female,group C,some college,standard,none,55,69,65,72,athletics,75,86,95
female,group C,bachelor's degree,standard,completed,79,92,89,66,cricket,81,83,91
male,group B,associate's degree,standard,completed,91,89,92,75,hockey,58,58,88
female,group C,some college,standard,completed,88,93,93,42,cricket,90,88,97
male,group D,high school,free/reduced,none,63,57,56,44,cricket,70,72,82
male,group E,some college,standard,none,83,80,73,91,hockey,90,46,99
female,group B,high school,standard,none,87,95,86,33,cricket,81,58,86
male,group B,some high school,standard,none,72,68,67,71,hockey,76,79,98
male,group D,some college,standard,completed,65,77,74,77,cricket,58,72,99
male,group D,master's degree,standard,none,82,82,74,84,football,68,60,96
female,group A,bachelor's degree,standard,none,51,49,51,68,cricket,70,80,100
male,group D,master's degree,standard,none,89,84,82,70,cricket,74,55,91
male,group C,some high school,free/reduced,completed,53,37,40,77,cricket,60,77,81
male,group E,some college,free/reduced,completed,87,74,70,33,hockey,80,72,99
female,group C,some college,standard,completed,75,81,84,74,cricket,60,70,97
male,group D,bachelor's degree,free/reduced,completed,74,79,75,62,cricket,75,81,94
male,group C,bachelor's degree,standard,none,58,55,48,66,cricket,71,54,96
male,group B,some high school,standard,completed,51,54,41,64,cricket,58,77,80
male,group E,high school,standard,none,70,55,56,67,hockey,50,93,100
female,group C,associate's degree,standard,none,59,66,67,94,hockey,85,92,89
male,group D,some college,standard,completed,71,61,69,39,football,79,57,81
female,group D,some high school,standard,none,76,72,71,92,cricket,52,100,91
female,group C,some college,free/reduced,none,59,62,64,47,football,89,72,83
female,group E,some college,free/reduced,completed,42,55,54,55,cricket,100,45,80
male,group A,high school,standard,none,57,43,47,47,cricket,78,68,83
male,group D,some college,standard,none,88,73,78,77,cricket,73,71,88
female,group C,some college,free/reduced,none,22,39,33,77,cricket,86,74,84
male,group B,some high school,standard,none,88,84,75,60,cricket,43,65,94
male,group C,associate's degree,free/reduced,none,73,68,66,79,cricket,77,74,95
female,group D,bachelor's degree,standard,completed,68,75,81,52,cricket,74,72,92
male,group E,associate's degree,free/reduced,completed,100,100,93,76,cricket,67,59,85
male,group A,some high school,standard,completed,62,67,69,34,hockey,51,86,87
male,group A,bachelor's degree,standard,none,77,67,68,96,hockey,75,84,86
female,group B,associate's degree,standard,completed,59,70,66,47,cricket,61,67,85
male,group D,bachelor's degree,standard,none,54,49,47,70,cricket,78,71,95
male,group D,some high school,standard,none,62,67,61,64,hockey,64,67,92
female,group C,some college,standard,completed,70,89,88,69,football,100,78,87
female,group E,high school,free/reduced,completed,66,74,78,36,cricket,63,74,84
male,group B,some college,free/reduced,none,60,60,60,74,hockey,51,69,96
female,group B,associate's degree,standard,completed,61,86,87,74,cricket,77,85,80
male,group D,associate's degree,free/reduced,none,66,62,64,65,football,29,57,80
male,group B,associate's degree,free/reduced,completed,82,78,74,49,hockey,41,76,99
female,group E,some college,free/reduced,completed,75,88,85,61,hockey,94,66,95
male,group B,master's degree,free/reduced,none,49,53,52,41,cricket,62,69,85
male,group C,high school,standard,none,52,53,49,15,hockey,49,26,99
female,group E,master's degree,standard,none,81,92,91,78,hockey,86,54,100
female,group C,bachelor's degree,standard,completed,96,100,100,65,football,65,58,95
male,group C,high school,free/reduced,completed,53,51,51,56,football,67,66,80
female,group B,master's degree,free/reduced,completed,58,76,78,67,football,70,77,100
female,group B,high school,standard,completed,68,83,78,58,hockey,81,60,85
female,group C,some college,free/reduced,completed,67,75,70,43,cricket,39,72,84
male,group A,high school,standard,completed,72,73,74,71,cricket,81,81,95
male,group E,some high school,standard,none,94,88,78,54,football,62,69,82
female,group D,some college,standard,none,79,86,81,84,hockey,65,69,92
female,group C,associate's degree,standard,none,63,67,70,79,hockey,74,74,91
female,group C,bachelor's degree,free/reduced,completed,43,51,54,47,football,72,50,90
female,group C,master's degree,standard,completed,81,91,87,75,cricket,57,68,99
female,group B,high school,free/reduced,completed,46,54,58,74,cricket,64,63,98
female,group C,associate's degree,standard,completed,71,77,77,75,cricket,58,83,93
female,group B,master's degree,free/reduced,completed,52,70,62,39,football,68,65,87
female,group D,some high school,standard,completed,97,100,100,74,football,100,75,91
male,group C,master's degree,free/reduced,completed,62,68,75,87,cricket,57,87,80
female,group C,some college,free/reduced,none,46,64,66,69,cricket,88,57,80
female,group E,high school,standard,none,50,50,47,79,cricket,50,70,80
female,group D,associate's degree,standard,none,65,69,70,54,football,89,83,83
male,group C,some high school,free/reduced,completed,45,52,49,70,cricket,97,48,83
male,group C,associate's degree,free/reduced,completed,65,67,65,45,hockey,84,48,93
male,group E,high school,standard,none,80,76,65,27,cricket,66,60,84
male,group D,some high school,standard,completed,62,66,68,81,hockey,64,96,92
male,group B,some high school,free/reduced,none,48,52,45,55,cricket,72,71,93
female,group C,bachelor's degree,standard,none,77,88,87,91,hockey,71,39,81
female,group E,associate's degree,standard,none,66,65,69,69,hockey,76,61,95
male,group D,some college,standard,completed,76,83,79,53,cricket,87,62,86
female,group B,some high school,standard,none,62,64,66,71,hockey,77,65,97
male,group D,some college,standard,completed,77,62,62,52,cricket,54,64,96
female,group C,master's degree,standard,completed,69,84,85,74,hockey,63,56,90
male,group D,associate's degree,standard,none,61,55,52,98,football,81,85,85
male,group C,some high school,free/reduced,completed,59,69,65,81,hockey,61,61,90
male,group E,high school,free/reduced,none,55,56,51,43,cricket,57,70,83
female,group B,some college,free/reduced,none,45,53,55,80,cricket,76,76,84
female,group B,bachelor's degree,free/reduced,none,78,79,76,83,football,62,88,92
female,group C,associate's degree,standard,completed,67,84,86,95,cricket,24,97,98
female,group D,some college,free/reduced,none,65,81,77,51,cricket,61,63,83
male,group C,associate's degree,standard,none,69,77,69,69,cricket,70,56,81
female,group B,associate's degree,standard,none,57,69,68,78,hockey,48,90,82
male,group C,some college,standard,none,59,41,42,87,cricket,91,60,85
male,group D,some high school,standard,completed,74,71,78,51,hockey,85,68,97
male,group E,bachelor's degree,standard,none,82,62,62,51,hockey,65,82,91
male,group E,high school,standard,completed,81,80,76,47,cricket,52,78,86
female,group B,some college,free/reduced,none,74,81,76,92,football,50,66,95
female,group B,some college,free/reduced,none,58,61,66,83,cricket,51,75,82
male,group D,some high school,free/reduced,completed,80,79,79,100,cricket,78,65,84
male,group C,some college,free/reduced,none,35,28,27,43,cricket,57,68,80
female,group C,high school,free/reduced,none,42,62,60,67,hockey,75,28,93
male,group C,associate's degree,free/reduced,completed,60,51,56,54,cricket,51,54,90
male,group E,high school,standard,completed,87,91,81,61,cricket,69,54,92
male,group B,some high school,standard,completed,84,83,75,71,cricket,51,60,85
female,group E,associate's degree,free/reduced,completed,83,86,88,78,hockey,85,72,84
female,group C,high school,free/reduced,none,34,42,39,64,football,72,82,82
male,group B,high school,free/reduced,none,66,77,70,71,hockey,82,68,95
male,group B,some high school,standard,completed,61,56,56,54,football,64,62,100
female,group D,high school,standard,completed,56,68,74,80,cricket,100,62,98
male,group B,associate's degree,standard,none,87,85,73,51,cricket,79,81,86
female,group C,some high school,free/reduced,none,55,65,62,64,hockey,77,67,91
male,group D,some high school,standard,none,86,80,75,67,cricket,64,99,96
female,group B,associate's degree,standard,completed,52,66,73,82,football,62,64,93
female,group E,master's degree,free/reduced,none,45,56,54,74,cricket,57,72,82
female,group C,some college,standard,none,72,72,71,63,cricket,42,100,99
male,group D,high school,standard,none,57,50,54,89,football,79,89,86
male,group A,some high school,free/reduced,none,68,72,64,59,football,73,52,94
female,group C,some college,standard,completed,88,95,94,78,cricket,62,74,91
male,group D,some college,standard,none,76,64,66,47,cricket,61,79,81
male,group C,associate's degree,standard,none,46,43,42,81,hockey,94,77,96
female,group B,bachelor's degree,standard,none,67,86,83,85,cricket,90,61,80
male,group E,some high school,standard,none,92,87,78,87,hockey,48,64,95
male,group C,bachelor's degree,standard,completed,83,82,84,61,cricket,69,84,87
male,group D,associate's degree,standard,none,80,75,77,43,hockey,82,74,91
male,group D,bachelor's degree,free/reduced,none,63,66,67,41,hockey,77,79,82
female,group D,some high school,standard,completed,64,60,74,61,football,41,76,94
male,group B,some college,standard,none,54,52,51,78,cricket,58,86,83
male,group C,associate's degree,standard,none,84,80,80,84,hockey,64,49,91
male,group D,high school,free/reduced,completed,73,68,66,65,football,69,67,90
female,group E,bachelor's degree,standard,none,80,83,83,74,football,77,62,94
female,group D,high school,standard,none,56,52,55,84,cricket,76,58,86
male,group E,some college,standard,none,59,51,43,60,hockey,58,44,87
male,group D,some high school,standard,none,75,74,69,90,hockey,58,73,89
male,group C,associate's degree,standard,none,85,76,71,80,cricket,73,90,94
male,group E,associate's degree,standard,none,89,76,74,74,cricket,86,75,92
female,group B,high school,standard,completed,58,70,68,63,cricket,62,50,96
female,group B,high school,standard,none,65,64,62,43,cricket,65,78,86
male,group C,high school,standard,none,68,60,53,85,cricket,92,65,86
male,group A,some high school,standard,completed,47,49,49,78,football,61,88,96
female,group D,some college,free/reduced,none,71,83,83,79,cricket,54,54,80
female,group B,some high school,standard,completed,60,70,70,73,cricket,72,73,87
male,group D,master's degree,standard,none,80,80,72,82,cricket,72,69,100
male,group D,high school,standard,none,54,52,52,59,hockey,58,86,83
female,group E,some college,standard,none,62,73,70,68,football,72,63,94
female,group C,associate's degree,free/reduced,none,64,73,68,92,cricket,65,67,96
male,group C,associate's degree,standard,completed,78,77,77,73,hockey,64,78,82
female,group B,some college,standard,none,70,75,78,71,cricket,58,88,100
female,group C,master's degree,free/reduced,completed,65,81,81,57,hockey,72,73,83
female,group C,some high school,free/reduced,completed,64,79,77,55,cricket,81,90,80
male,group C,some college,standard,completed,79,79,78,60,cricket,84,51,86
female,group C,some high school,free/reduced,none,44,50,51,51,hockey,37,61,83
female,group E,high school,standard,none,99,93,90,73,football,88,37,80
male,group D,high school,standard,none,76,73,68,51,hockey,80,72,99
male,group D,some high school,free/reduced,none,59,42,41,66,hockey,46,63,82
female,group C,bachelor's degree,standard,none,63,75,81,74,football,72,68,97
female,group D,high school,standard,none,69,72,77,63,cricket,67,67,80
female,group D,associate's degree,standard,completed,88,92,95,87,cricket,72,66,93
female,group E,some college,free/reduced,none,71,76,70,82,cricket,72,73,91
male,group C,bachelor's degree,standard,none,69,63,61,81,cricket,70,74,85
male,group C,some college,standard,none,58,49,42,52,hockey,95,86,95
female,group D,associate's degree,free/reduced,none,47,53,58,73,cricket,60,81,85
female,group D,some college,standard,none,65,70,71,51,hockey,53,72,80
male,group B,some college,standard,completed,88,85,76,80,hockey,65,87,88
male,group C,bachelor's degree,standard,none,83,78,73,75,cricket,42,63,80
female,group C,some high school,standard,completed,85,92,93,48,cricket,83,71,83
female,group E,high school,standard,completed,59,63,75,86,hockey,73,65,82
female,group C,some high school,free/reduced,none,65,86,80,69,cricket,61,75,94
male,group B,bachelor's degree,free/reduced,none,73,56,57,64,cricket,57,78,83
male,group D,high school,standard,none,53,52,42,57,cricket,82,68,89
male,group D,high school,standard,none,45,48,46,54,cricket,80,49,81
female,group D,bachelor's degree,free/reduced,none,73,79,84,53,cricket,73,58,99
female,group D,some college,free/reduced,completed,70,78,78,54,cricket,79,58,86
female,group B,some high school,standard,none,37,46,46,70,cricket,64,70,84
male,group B,associate's degree,standard,completed,81,82,82,97,football,61,38,91
male,group E,associate's degree,standard,completed,97,82,88,84,cricket,95,61,85
female,group B,some high school,standard,none,67,89,82,70,cricket,54,76,89
male,group B,bachelor's degree,free/reduced,none,88,75,76,85,hockey,72,66,87
male,group E,some high school,standard,completed,77,76,77,69,football,77,66,92
male,group C,associate's degree,standard,none,76,70,68,80,cricket,73,50,100
male,group D,some high school,standard,none,86,73,70,80,cricket,78,52,92
male,group C,some high school,standard,completed,63,60,57,75,cricket,66,55,93
female,group E,bachelor's degree,standard,none,65,73,75,46,cricket,85,67,80
male,group D,high school,free/reduced,completed,78,77,80,64,cricket,81,70,88
male,group B,associate's degree,free/reduced,none,67,62,60,52,football,59,47,88
male,group A,some high school,standard,completed,46,41,43,85,cricket,74,85,91
male,group E,associate's degree,standard,completed,71,74,68,37,cricket,63,70,95
male,group C,high school,free/reduced,completed,40,46,50,91,cricket,76,69,95
male,group D,associate's degree,free/reduced,none,90,87,75,75,cricket,49,75,81
male,group A,some college,free/reduced,completed,81,78,81,81,cricket,54,62,91
male,group D,some high school,free/reduced,none,56,54,52,91,cricket,85,64,95
female,group C,associate's degree,standard,completed,67,84,81,59,hockey,84,85,83
male,group B,associate's degree,standard,none,80,76,64,62,cricket,80,57,91
female,group C,associate's degree,standard,completed,74,75,83,93,cricket,79,59,90
male,group A,some college,standard,none,69,67,69,51,cricket,75,92,96
male,group E,some college,standard,completed,99,87,81,53,cricket,75,51,86
male,group C,some high school,standard,none,51,52,44,80,cricket,70,31,80
female,group B,associate's degree,free/reduced,none,53,71,67,65,hockey,52,49,100
female,group D,high school,free/reduced,none,49,57,52,77,football,73,62,93
female,group B,associate's degree,standard,none,73,76,80,40,cricket,68,55,99
male,group B,bachelor's degree,standard,none,66,60,57,64,cricket,46,52,86
male,group D,bachelor's degree,standard,completed,67,61,68,85,cricket,77,64,80
female,group C,associate's degree,free/reduced,completed,68,67,69,90,football,72,87,80
female,group C,bachelor's degree,standard,completed,59,64,75,82,athletics,73,55,99
male,group C,high school,standard,none,71,66,65,65,hockey,64,52,81
female,group D,master's degree,standard,completed,77,82,91,83,cricket,62,85,96
male,group C,associate's degree,standard,none,83,72,78,70,cricket,66,76,81
male,group B,bachelor's degree,standard,none,63,71,69,81,athletics,59,71,94
female,group D,associate's degree,free/reduced,none,56,65,63,73,football,81,67,87
female,group C,high school,free/reduced,completed,67,79,84,38,hockey,38,29,90
female,group E,high school,standard,none,75,86,79,91,football,69,60,93
female,group C,some college,standard,none,71,81,80,81,athletics,59,42,99
female,group C,some high school,free/reduced,none,43,53,53,83,cricket,59,56,88
female,group C,high school,free/reduced,none,41,46,43,64,football,76,63,98
female,group C,some college,standard,none,82,90,94,52,football,65,70,100
male,group C,some college,standard,none,61,61,62,66,cricket,43,66,87
male,group A,some college,free/reduced,none,28,23,19,66,cricket,60,88,93
male,group C,associate's degree,standard,completed,82,75,77,71,football,52,54,83
female,group B,some high school,standard,none,41,55,51,81,athletics,59,73,91
male,group C,high school,standard,none,71,60,61,67,hockey,69,66,96
male,group C,associate's degree,standard,none,47,37,35,70,cricket,73,77,99
male,group E,associate's degree,standard,completed,62,56,53,68,hockey,86,71,92
male,group B,associate's degree,standard,none,90,78,81,56,cricket,84,54,88
female,group C,bachelor's degree,standard,none,83,93,95,46,athletics,66,58,98
female,group B,some college,free/reduced,none,61,68,66,65,cricket,66,66,82
male,group D,some high school,standard,completed,76,70,69,85,cricket,92,69,97
male,group C,associate's degree,standard,none,49,51,43,66,cricket,45,49,93
female,group B,some high school,free/reduced,none,24,38,27,88,football,59,70,95
female,group D,some high school,free/reduced,completed,35,55,60,62,athletics,85,42,100
male,group C,high school,free/reduced,none,58,61,52,68,hockey,61,64,92
female,group C,high school,standard,none,61,73,63,89,football,75,68,99
female,group B,high school,standard,completed,69,76,74,66,hockey,73,85,80
male,group D,associate's degree,standard,completed,67,72,67,45,cricket,84,81,87
male,group D,some college,standard,none,79,73,67,88,football,23,66,97
female,group C,high school,standard,none,72,80,75,67,athletics,76,60,84
male,group B,some college,standard,none,62,61,57,36,cricket,88,89,89
female,group C,bachelor's degree,standard,completed,77,94,95,74,hockey,71,72,81
male,group D,high school,free/reduced,none,75,74,66,81,football,72,91,84
male,group E,associate's degree,standard,none,87,74,76,38,cricket,67,34,84
female,group B,bachelor's degree,standard,none,52,65,69,70,football,42,59,98
male,group E,some college,standard,none,66,57,52,61,athletics,67,60,97
female,group C,some college,standard,completed,63,78,80,56,cricket,67,83,84
female,group C,associate's degree,standard,none,46,58,57,61,hockey,68,49,100
female,group C,some college,standard,none,59,71,70,74,cricket,82,90,100
female,group B,bachelor's degree,standard,none,61,72,70,66,cricket,85,68,90
male,group A,associate's degree,standard,none,63,61,61,91,cricket,78,81,88
female,group C,some college,free/reduced,completed,42,66,69,64,football,72,89,81
male,group D,some college,free/reduced,none,59,62,61,57,cricket,72,78,86
female,group D,some college,standard,none,80,90,89,66,cricket,70,67,93
female,group B,high school,standard,none,58,62,59,78,hockey,59,67,96
male,group B,some high school,standard,completed,85,84,78,81,athletics,53,61,86
female,group C,some college,standard,none,52,58,58,82,cricket,56,57,96
female,group D,some high school,free/reduced,none,27,34,32,55,football,72,67,81
male,group C,some college,standard,none,59,60,58,65,hockey,100,93,100
male,group A,bachelor's degree,free/reduced,completed,49,58,60,61,athletics,73,81,98
male,group C,high school,standard,completed,69,58,53,72,hockey,92,86,92
male,group C,bachelor's degree,free/reduced,none,61,66,61,68,cricket,86,78,87
female,group A,some high school,free/reduced,none,44,64,58,70,cricket,68,73,99
female,group D,some high school,standard,none,73,84,85,45,hockey,77,57,87
male,group E,some college,standard,none,84,77,71,52,football,76,62,90
female,group C,some college,free/reduced,completed,45,73,70,41,cricket,76,63,86
male,group D,some high school,standard,none,74,74,72,60,hockey,92,64,97
female,group D,some college,standard,completed,82,97,96,62,cricket,72,66,94
female,group D,bachelor's degree,standard,none,59,70,73,58,athletics,55,60,98
male,group E,associate's degree,free/reduced,none,46,43,41,45,football,59,49,95
female,group D,some high school,standard,none,80,90,82,68,hockey,52,59,80
female,group D,master's degree,free/reduced,completed,85,95,100,73,football,81,61,87
female,group A,some high school,standard,none,71,83,77,82,cricket,55,58,96
male,group A,bachelor's degree,standard,none,66,64,62,82,cricket,63,76,95
female,group B,associate's degree,standard,none,80,86,83,72,cricket,63,64,95
male,group C,associate's degree,standard,completed,87,100,95,40,hockey,81,63,82
male,group C,master's degree,free/reduced,none,79,81,71,99,cricket,53,56,90
female,group E,some high school,free/reduced,none,38,49,45,54,cricket,58,52,84
female,group A,some high school,free/reduced,none,38,43,43,73,football,60,75,96
female,group E,some college,standard,none,67,76,75,69,cricket,90,58,92
female,group E,bachelor's degree,standard,none,64,73,70,61,cricket,77,43,87
female,group C,associate's degree,free/reduced,none,57,78,67,62,hockey,43,59,99
female,group D,high school,standard,none,62,64,64,77,hockey,86,74,98
male,group D,master's degree,standard,none,73,70,75,89,cricket,60,59,89
male,group E,some high school,free/reduced,completed,73,67,59,67,football,84,54,90
female,group D,some college,standard,none,77,68,77,74,cricket,79,84,89
male,group E,some college,standard,none,76,67,67,64,cricket,74,59,94
male,group C,associate's degree,standard,completed,57,54,56,40,hockey,51,39,100
female,group C,some high school,standard,completed,65,74,77,86,football,76,55,88
male,group A,high school,free/reduced,none,48,45,41,51,hockey,84,85,93
female,group B,high school,free/reduced,none,50,67,63,69,cricket,82,74,86
female,group C,associate's degree,standard,none,85,89,95,71,cricket,66,72,94
male,group B,some high school,standard,none,74,63,57,57,football,61,97,87
male,group D,some high school,standard,none,60,59,54,70,football,87,59,100
female,group C,some high school,standard,completed,59,54,67,70,cricket,63,73,92
male,group A,some college,standard,none,53,43,43,72,football,64,74,94
female,group A,some college,free/reduced,none,49,65,55,74,cricket,90,41,93
female,group D,high school,standard,completed,88,99,100,63,cricket,67,70,94
female,group C,high school,standard,none,54,59,62,57,cricket,83,56,91
female,group C,some high school,standard,none,63,73,68,73,football,61,69,80
male,group B,associate's degree,standard,completed,65,65,63,53,football,81,59,87
female,group B,associate's degree,standard,none,82,80,77,60,hockey,89,84,91
female,group D,high school,free/reduced,completed,52,57,56,80,cricket,100,65,86
male,group D,associate's degree,standard,completed,87,84,85,46,hockey,64,73,89
female,group D,master's degree,standard,completed,70,71,74,80,cricket,55,58,82
male,group E,some college,standard,completed,84,83,78,86,football,75,61,97
male,group D,associate's degree,standard,none,71,66,60,79,cricket,86,51,85
male,group B,some high school,standard,completed,63,67,67,82,hockey,62,52,85
female,group C,bachelor's degree,free/reduced,completed,51,72,79,61,hockey,72,74,96
male,group E,high school,standard,none,84,73,69,76,football,70,74,88
male,group C,bachelor's degree,standard,completed,71,74,68,81,cricket,70,74,100
male,group C,associate's degree,standard,none,74,73,67,60,football,46,64,94
male,group D,some college,standard,none,68,59,62,73,cricket,65,95,100
male,group E,high school,free/reduced,completed,57,56,54,78,football,39,58,88
female,group C,associate's degree,free/reduced,completed,82,93,93,58,hockey,77,80,92
female,group D,high school,standard,completed,57,58,64,83,hockey,76,90,85
female,group D,master's degree,free/reduced,completed,47,58,67,78,cricket,66,81,94
female,group A,some high school,standard,completed,59,85,80,61,cricket,73,71,82
male,group B,some college,free/reduced,none,41,39,34,54,football,100,74,90
female,group C,some college,free/reduced,none,62,67,62,66,cricket,82,54,97
male,group C,bachelor's degree,standard,none,86,83,86,77,cricket,92,92,91
male,group C,some high school,free/reduced,none,69,71,65,52,football,45,79,97
male,group A,some high school,free/reduced,none,65,59,53,89,cricket,49,57,91
male,group C,some high school,free/reduced,none,68,63,54,96,cricket,79,41,94
male,group C,associate's degree,free/reduced,none,64,66,59,76,hockey,54,67,89
female,group C,high school,standard,none,61,72,70,67,football,26,90,100
male,group C,high school,standard,none,61,56,55,69,hockey,74,68,87
female,group A,some high school,free/reduced,none,47,59,50,78,cricket,89,43,99
male,group C,some high school,standard,none,73,66,66,90,cricket,67,62,80
male,group C,some college,free/reduced,completed,50,48,53,75,cricket,71,72,85
male,group D,associate's degree,standard,none,75,68,64,77,hockey,72,92,97
male,group D,associate's degree,free/reduced,none,75,66,73,49,cricket,56,61,94
male,group C,high school,standard,none,70,56,51,94,cricket,100,100,92
male,group D,some high school,standard,completed,89,88,82,89,hockey,90,55,98
female,group C,some college,standard,completed,67,81,79,64,cricket,75,71,82
female,group D,high school,standard,none,78,81,80,81,cricket,68,64,83
female,group A,some high school,free/reduced,none,59,73,69,78,cricket,79,62,83
female,group B,associate's degree,standard,none,73,83,76,70,football,52,45,97
male,group A,some high school,free/reduced,none,79,82,73,73,hockey,85,47,92
female,group C,some high school,standard,completed,67,74,77,79,football,81,72,96
male,group D,some college,free/reduced,none,69,66,60,85,cricket,100,68,80
male,group C,high school,standard,completed,86,81,80,75,cricket,93,86,95
male,group B,high school,standard,none,47,46,42,63,hockey,74,88,86
male,group B,associate's degree,standard,none,81,73,72,63,cricket,93,48,83
female,group C,some college,free/reduced,completed,64,85,85,65,cricket,56,56,100
female,group E,some college,standard,none,100,92,97,74,cricket,53,76,91
female,group C,associate's degree,free/reduced,none,65,77,74,89,cricket,67,65,86
male,group C,some college,free/reduced,none,65,58,49,100,cricket,74,60,100
female,group C,associate's degree,free/reduced,none,53,61,62,56,cricket,64,87,83
male,group C,bachelor's degree,free/reduced,none,37,56,47,81,cricket,96,76,85
female,group D,bachelor's degree,standard,none,79,89,89,96,hockey,50,61,91
male,group D,associate's degree,free/reduced,none,53,54,48,76,cricket,67,75,82
female,group E,bachelor's degree,standard,none,100,100,100,82,cricket,72,46,94
male,group B,high school,standard,completed,72,65,68,51,cricket,48,66,84
male,group C,bachelor's degree,free/reduced,none,53,58,55,67,hockey,78,77,95
male,group B,some college,free/reduced,none,54,54,45,34,football,82,48,94
female,group E,some college,standard,none,71,70,76,78,cricket,72,73,81
female,group C,some college,free/reduced,none,77,90,91,80,cricket,83,75,95
male,group A,bachelor's degree,standard,completed,75,58,62,69,cricket,60,50,89
female,group C,some college,standard,none,84,87,91,59,cricket,58,94,99
female,group D,associate's degree,free/reduced,none,26,31,38,54,cricket,66,57,86
male,group A,high school,free/reduced,completed,72,67,65,100,hockey,81,72,97
female,group A,high school,free/reduced,completed,77,88,85,63,hockey,66,79,91
male,group C,some college,standard,none,91,74,76,93,cricket,66,63,94
female,group C,associate's degree,standard,completed,83,85,90,43,cricket,69,77,88
female,group C,high school,standard,none,63,69,74,68,cricket,86,77,96
female,group C,associate's degree,standard,completed,68,86,84,42,cricket,87,77,81
female,group D,some high school,standard,none,59,67,61,61,cricket,87,53,81
female,group B,associate's degree,standard,completed,90,90,91,100,cricket,86,62,93
female,group D,bachelor's degree,standard,completed,71,76,83,95,cricket,79,93,98
male,group E,bachelor's degree,standard,completed,76,62,66,46,cricket,62,64,86
male,group D,associate's degree,standard,none,80,68,72,67,cricket,86,64,98
female,group D,master's degree,standard,none,55,64,70,86,cricket,78,62,89
male,group E,associate's degree,standard,none,76,71,67,65,cricket,75,69,88
male,group B,high school,standard,completed,73,71,68,52,hockey,55,73,95
female,group D,associate's degree,free/reduced,none,52,59,56,52,cricket,44,72,86
male,group C,some college,free/reduced,none,68,68,61,78,cricket,72,63,89
male,group A,high school,standard,none,59,52,46,73,cricket,85,73,85
female,group B,associate's degree,standard,none,49,52,54,64,cricket,57,65,99
male,group C,high school,standard,none,70,74,71,62,cricket,44,89,98
male,group D,some college,free/reduced,none,61,47,56,79,cricket,90,80,93
female,group C,associate's degree,free/reduced,none,60,75,74,74,cricket,60,73,91
male,group B,some high school,standard,completed,64,53,57,72,cricket,70,90,97
male,group A,associate's degree,free/reduced,completed,79,82,82,22,cricket,74,67,99
female,group A,associate's degree,free/reduced,none,65,85,76,41,cricket,83,45,96
female,group C,associate's degree,standard,none,64,64,70,68,cricket,51,84,94
female,group C,some college,standard,none,83,83,90,75,cricket,66,97,82
female,group C,bachelor's degree,standard,none,81,88,90,88,cricket,68,51,88
female,group B,high school,standard,none,54,64,68,65,cricket,64,56,82
male,group D,high school,standard,completed,68,64,66,77,cricket,71,76,94
female,group C,some college,standard,none,54,48,52,76,cricket,56,100,100
female,group D,some college,free/reduced,completed,59,78,76,64,cricket,60,54,82
female,group B,some high school,standard,none,66,69,68,71,hockey,84,58,99
male,group E,some college,standard,none,76,71,72,86,football,45,86,97
female,group D,master's degree,standard,none,74,79,82,19,cricket,85,72,99
female,group B,associate's degree,standard,completed,94,87,92,68,cricket,82,76,84
male,group C,some college,free/reduced,none,63,61,54,87,cricket,82,72,88
female,group E,associate's degree,standard,completed,95,89,92,64,cricket,63,60,82
female,group D,master's degree,free/reduced,none,40,59,54,54,hockey,58,62,98
female,group B,some high school,standard,none,82,82,80,95,hockey,73,75,85
male,group A,high school,standard,none,68,70,66,75,football,95,64,86
male,group B,bachelor's degree,free/reduced,none,55,59,54,49,cricket,54,70,82
male,group C,master's degree,standard,none,79,78,77,80,cricket,76,55,96
female,group C,bachelor's degree,standard,none,86,92,87,86,cricket,64,63,90
male,group D,some college,standard,none,76,71,73,70,hockey,79,64,89
male,group A,some high school,standard,none,64,50,43,81,cricket,42,37,97
male,group D,some high school,free/reduced,none,62,49,52,80,hockey,100,67,86
female,group B,some high school,standard,completed,54,61,62,55,cricket,53,47,100
female,group B,master's degree,free/reduced,completed,77,97,94,84,cricket,62,100,90
female,group C,some high school,standard,completed,76,87,85,62,cricket,55,58,97
female,group D,some college,standard,none,74,89,84,73,hockey,64,83,86
female,group E,some college,standard,completed,66,74,73,57,football,55,77,85
female,group D,some high school,standard,completed,66,78,78,60,cricket,89,89,82
female,group B,high school,free/reduced,completed,67,78,79,88,cricket,73,81,86
male,group D,some college,standard,none,71,49,52,91,hockey,84,75,96
female,group C,associate's degree,standard,none,91,86,84,65,cricket,67,63,80
male,group D,bachelor's degree,standard,none,69,58,57,92,cricket,83,69,80
male,group C,master's degree,free/reduced,none,54,59,50,46,cricket,74,85,94
male,group C,high school,standard,completed,53,52,49,52,cricket,79,68,98
male,group E,some college,standard,none,68,60,59,58,cricket,74,81,90
male,group C,some high school,free/reduced,completed,56,61,60,67,cricket,78,58,96
female,group C,high school,free/reduced,none,36,53,43,95,cricket,92,86,94
female,group D,bachelor's degree,free/reduced,none,29,41,47,92,cricket,75,82,90
female,group C,associate's degree,standard,none,62,74,70,50,cricket,84,100,95
female,group C,associate's degree,standard,completed,68,67,73,67,cricket,66,58,81
female,group C,some high school,standard,none,47,54,53,74,hockey,81,44,89
male,group E,associate's degree,standard,completed,62,61,58,75,hockey ,37,89,98
female,group E,associate's degree,standard,completed,79,88,94,69,cricket,100,84,81
male,group B,high school,standard,completed,73,69,68,52,hockey,56,51,100
female,group C,bachelor's degree,free/reduced,completed,66,83,83,42,football,55,94,99
male,group C,associate's degree,standard,completed,51,60,58,55,cricket,80,72,87
female,group D,high school,standard,none,51,66,62,69,cricket,82,63,85
male,group E,bachelor's degree,standard,completed,85,66,71,97,cricket,85,62,92
male,group A,associate's degree,standard,completed,97,92,86,60,football,95,80,82
male,group C,high school,standard,completed,75,69,68,69,cricket,87,100,86
male,group D,associate's degree,free/reduced,completed,79,82,80,67,cricket,55,76,96
female,group C,associate's degree,standard,none,81,77,79,74,football,76,73,93
female,group D,associate's degree,standard,none,82,95,89,57,cricket,72,46,98
female,group D,master's degree,standard,none,64,63,66,49,hockey,70,85,92
male,group E,some high school,free/reduced,completed,78,83,80,44,football,84,92,82
female,group A,some high school,standard,completed,92,100,97,58,cricket,91,57,94
male,group C,high school,standard,completed,72,67,64,35,hockey,68,67,98
female,group C,high school,free/reduced,none,62,67,64,48,cricket,86,49,80
male,group C,master's degree,standard,none,79,72,69,30,hockey,59,73,94
male,group C,some high school,free/reduced,none,79,76,65,79,cricket,80,61,81
male,group B,bachelor's degree,free/reduced,completed,87,90,88,80,cricket,75,78,82
female,group B,associate's degree,standard,none,40,48,50,82,hockey,65,86,83
male,group D,some college,free/reduced,none,77,62,64,93,cricket,63,86,82
male,group E,associate's degree,standard,none,53,45,40,82,cricket,60,64,83
female,group C,some college,free/reduced,none,32,39,33,100,cricket,49,43,80
female,group C,associate's degree,standard,completed,55,72,79,63,cricket,75,83,91
male,group C,master's degree,free/reduced,none,61,67,66,66,cricket,92,85,90
female,group B,associate's degree,free/reduced,none,53,70,70,90,cricket,47,82,96
male,group D,some high school,standard,none,73,66,62,75,cricket,86,76,85
female,group D,some college,standard,completed,74,75,79,48,cricket,71,54,81
female,group C,some college,standard,none,63,74,74,54,hockey,73,44,86
male,group C,bachelor's degree,standard,completed,96,90,92,54,hockey,66,17,83
female,group D,some college,free/reduced,completed,63,80,80,49,cricket,78,85,84
male,group B,bachelor's degree,free/reduced,none,48,51,46,60,cricket,69,91,97
male,group B,associate's degree,standard,none,48,43,45,74,football,67,80,93
female,group E,bachelor's degree,free/reduced,completed,92,100,100,51,cricket,75,64,88
female,group D,master's degree,free/reduced,completed,61,71,78,68,cricket,81,56,88
male,group B,high school,free/reduced,none,63,48,47,75,cricket,49,74,89
male,group D,bachelor's degree,free/reduced,none,68,68,67,76,cricket,97,85,98
male,group B,some college,standard,completed,71,75,70,48,hockey,64,68,83
male,group A,bachelor's degree,standard,none,91,96,92,79,cricket,65,64,91
female,group C,some college,standard,none,53,62,56,73,cricket,74,71,88
female,group C,high school,free/reduced,completed,50,66,64,79,cricket,59,80,93
female,group E,high school,standard,none,74,81,71,73,hockey,66,62,97
male,group A,associate's degree,free/reduced,completed,40,55,53,68,football,87,51,97
male,group A,some college,standard,completed,61,51,52,79,hockey,72,53,87
female,group B,high school,standard,none,81,91,89,89,cricket,48,60,99
female,group B,some college,free/reduced,completed,48,56,58,77,cricket,68,74,85
female,group D,master's degree,standard,none,53,61,68,43,cricket,74,29,82
female,group D,some high school,standard,none,81,97,96,77,cricket,51,66,92
female,group E,some high school,standard,none,77,79,80,42,cricket,75,78,90
female,group D,bachelor's degree,free/reduced,none,63,73,78,56,cricket,59,61,86
female,group D,associate's degree,standard,completed,73,75,80,80,cricket,42,95,100
female,group D,some college,standard,none,69,77,77,32,hockey,53,69,91
female,group C,associate's degree,standard,none,65,76,76,90,hockey,77,66,99
female,group A,high school,standard,none,55,73,73,52,hockey,52,84,86
female,group C,bachelor's degree,free/reduced,none,44,63,62,73,cricket,54,60,89
female,group C,some college,standard,none,54,64,65,62,cricket,74,41,82
female,group A,some high school,standard,none,48,66,65,86,hockey,82,72,94
male,group C,some college,free/reduced,none,58,57,54,60,hockey,71,75,91
male,group A,some high school,standard,none,71,62,50,49,hockey,53,61,99
male,group E,bachelor's degree,standard,none,68,68,64,78,cricket,63,57,91
female,group E,high school,standard,none,74,76,73,74,cricket,60,55,91
female,group C,bachelor's degree,standard,completed,92,100,99,51,cricket,97,84,99
female,group C,bachelor's degree,standard,completed,56,79,72,98,cricket,95,76,85
male,group B,high school,free/reduced,none,30,24,15,86,hockey,63,84,88
male,group A,some high school,standard,none,53,54,48,63,cricket,43,86,94
female,group D,high school,standard,none,69,77,73,62,cricket,46,51,90
female,group D,some high school,standard,none,65,82,81,68,cricket,70,72,85
female,group D,master's degree,standard,none,54,60,63,62,cricket,58,65,84
female,group C,high school,standard,none,29,29,30,82,cricket,39,81,88
female,group E,some college,standard,none,76,78,80,67,cricket,75,64,86
male,group D,high school,free/reduced,none,60,57,51,73,cricket,81,75,84
male,group D,master's degree,free/reduced,completed,84,89,90,70,cricket,89,60,93
male,group C,some high school,standard,none,75,72,62,71,cricket,41,51,84
female,group C,associate's degree,standard,none,85,84,82,70,hockey,58,64,91
female,group C,master's degree,free/reduced,none,40,58,54,83,hockey,71,66,92
female,group E,some college,standard,none,61,64,62,75,hockey,70,61,99
female,group B,associate's degree,standard,none,58,63,65,74,football,58,72,96
male,group D,some college,free/reduced,completed,69,60,63,54,cricket,64,56,94
female,group C,some college,standard,none,58,59,66,91,football,74,87,95
male,group C,bachelor's degree,standard,completed,94,90,91,52,cricket,78,51,92
female,group C,associate's degree,standard,none,65,77,74,79,football,87,82,80
female,group A,associate's degree,standard,none,82,93,93,56,cricket,80,67,100
female,group C,high school,standard,none,60,68,72,76,cricket,57,74,88
female,group E,bachelor's degree,standard,none,37,45,38,68,cricket,88,76,90
male,group D,bachelor's degree,standard,none,88,78,83,74,cricket,68,83,89
male,group D,master's degree,standard,none,95,81,84,84,cricket,51,74,98
male,group C,associate's degree,free/reduced,completed,65,73,68,53,cricket,71,70,85
female,group C,high school,free/reduced,none,35,61,54,61,hockey,79,67,94
male,group B,bachelor's degree,free/reduced,none,62,63,56,73,cricket,66,75,97
male,group C,high school,free/reduced,completed,58,51,52,52,cricket,70,77,89
male,group A,some college,standard,completed,100,96,86,32,cricket,82,86,85
female,group E,bachelor's degree,free/reduced,none,61,58,62,63,cricket,47,73,89
male,group D,some college,standard,completed,100,97,99,67,cricket,78,70,97
male,group B,associate's degree,free/reduced,completed,69,70,63,75,cricket,58,68,91
male,group D,associate's degree,standard,none,61,48,46,43,hockey,96,65,100
male,group D,some college,free/reduced,none,49,57,46,93,hockey,92,57,97
female,group C,some high school,standard,completed,44,51,55,44,cricket,64,96,85
male,group D,some college,standard,none,67,64,70,51,cricket,43,81,86
male,group B,high school,standard,none,79,60,65,64,hockey,64,100,82
female,group B,bachelor's degree,standard,completed,66,74,81,58,hockey,64,50,99
female,group C,high school,standard,none,75,88,85,84,cricket,63,91,99
male,group D,some high school,standard,none,84,84,80,65,cricket,74,71,83
male,group A,high school,standard,none,71,74,64,66,cricket,41,75,94
female,group B,high school,free/reduced,completed,67,80,81,89,cricket,70,58,82
female,group D,some high school,standard,completed,80,92,88,72,cricket,66,59,86
male,group E,some college,standard,none,86,76,74,72,cricket,43,93,88
female,group D,associate's degree,standard,none,76,74,73,34,hockey,53,76,93
male,group D,high school,standard,none,41,52,51,62,cricket,57,49,93
female,group D,associate's degree,free/reduced,completed,74,88,90,70,cricket,56,62,91
female,group B,some high school,free/reduced,none,72,81,79,62,cricket,77,77,80
female,group E,high school,standard,completed,74,79,80,81,cricket,48,86,93
male,group B,high school,standard,none,70,65,60,77,cricket,48,34,94
female,group B,bachelor's degree,standard,completed,65,81,81,57,cricket,80,100,83
female,group D,associate's degree,standard,none,59,70,65,62,hockey,74,45,81
female,group E,high school,free/reduced,none,64,62,68,93,cricket,84,87,87
female,group B,high school,standard,none,50,53,55,91,cricket,58,75,96
female,group D,some college,standard,completed,69,79,81,72,cricket,75,100,81
male,group C,some high school,free/reduced,completed,51,56,53,49,cricket,45,85,89
female,group A,high school,standard,completed,68,80,76,76,cricket,66,66,95
female,group D,some college,standard,completed,85,86,98,54,cricket,31,58,89
female,group A,associate's degree,standard,completed,65,70,74,92,cricket,83,71,80
female,group B,some high school,standard,none,73,79,79,68,cricket,54,94,83
female,group B,some college,standard,none,62,67,67,60,cricket,86,52,99
male,group C,associate's degree,free/reduced,none,77,67,64,80,cricket,83,60,80
male,group D,some high school,standard,none,69,66,61,55,cricket,64,83,84
female,group D,associate's degree,free/reduced,none,43,60,58,87,cricket,66,53,81
male,group D,associate's degree,standard,none,90,87,85,50,hockey,63,84,93
male,group C,some college,free/reduced,none,74,77,73,72,cricket,69,75,80
male,group C,some high school,standard,none,73,66,63,100,hockey,79,59,89
female,group D,some college,free/reduced,none,55,71,69,84,hockey,76,42,86
female,group C,high school,standard,none,65,69,67,72,cricket,78,74,100
male,group D,associate's degree,standard,none,80,63,63,57,cricket,65,83,80
female,group C,some high school,free/reduced,completed,50,60,60,77,cricket,50,84,80
female,group C,some college,free/reduced,completed,63,73,71,56,hockey,77,70,93
female,group B,bachelor's degree,free/reduced,none,77,85,87,23,cricket,77,57,86
male,group C,some college,standard,none,73,74,61,76,cricket,67,71,81
male,group D,associate's degree,standard,completed,81,72,77,70,hockey,55,43,83
female,group C,high school,free/reduced,none,66,76,68,53,cricket,66,66,94
male,group D,associate's degree,free/reduced,none,52,57,50,47,hockey,83,70,81
female,group C,some college,standard,none,69,78,76,76,hockey,73,82,84
female,group C,associate's degree,standard,completed,65,84,84,67,cricket,89,67,84
female,group D,high school,standard,completed,69,77,78,61,cricket,81,56,95
female,group B,some college,standard,completed,50,64,66,41,cricket,84,71,80
female,group E,some college,standard,completed,73,78,76,70,cricket,62,77,95
female,group C,some high school,standard,completed,70,82,76,43,cricket,84,60,96
male,group D,associate's degree,free/reduced,none,81,75,78,28,cricket,97,68,97
male,group D,some college,free/reduced,none,63,61,60,70,cricket,86,61,99
female,group D,high school,standard,none,67,72,74,68,hockey,66,56,82
male,group B,high school,standard,none,60,68,60,52,cricket,71,81,96
male,group B,high school,standard,none,62,55,54,67,cricket,79,51,82
female,group C,some high school,free/reduced,completed,29,40,44,74,cricket,100,77,97
male,group B,some college,standard,completed,62,66,68,80,cricket,74,57,82
female,group E,master's degree,standard,completed,94,99,100,72,cricket,67,87,84
male,group E,some college,standard,completed,85,75,68,64,cricket,34,66,87
male,group D,associate's degree,free/reduced,none,77,78,73,64,cricket,80,56,100
male,group A,high school,free/reduced,none,53,58,44,78,cricket,73,59,98
male,group E,some college,free/reduced,none,93,90,83,61,hockey,55,82,89
female,group C,associate's degree,standard,none,49,53,53,100,hockey,78,84,92
female,group E,associate's degree,free/reduced,none,73,76,78,73,hockey,67,72,87
female,group C,bachelor's degree,free/reduced,completed,66,74,81,66,cricket,68,45,84
female,group D,associate's degree,standard,none,77,77,73,68,cricket,78,78,81
female,group C,some high school,standard,none,49,63,56,60,hockey,77,71,96
female,group D,some college,free/reduced,none,79,89,86,54,hockey,71,64,98
female,group C,associate's degree,standard,completed,75,82,90,52,cricket,52,69,80
female,group A,bachelor's degree,standard,none,59,72,70,79,cricket,70,84,80
female,group D,associate's degree,standard,completed,57,78,79,62,cricket     ,78,76,89
male,group C,high school,free/reduced,none,66,66,59,59,cricket,51,77,93
female,group E,bachelor's degree,standard,completed,79,81,82,47,football,64,74,92
female,group B,some high school,standard,none,57,67,72,85,cricket,57,58,95
male,group A,bachelor's degree,standard,completed,87,84,87,88,athletics,66,74,87
female,group D,some college,standard,none,63,64,67,10,football,58,43,87
female,group B,some high school,free/reduced,completed,59,63,64,69,hockey,54,70,89
male,group A,bachelor's degree,free/reduced,none,62,72,65,54,cricket,70,39,88
male,group D,high school,standard,none,46,34,36,47,athletics,74,80,80
male,group C,some college,standard,none,66,59,52,56,athletics,58,92,93
male,group D,high school,standard,none,89,87,79,90,hockey,92,51,81
female,group D,associate's degree,free/reduced,completed,42,61,58,84,hockey,48,74,99
male,group C,some college,standard,completed,93,84,90,80,cricket,68,95,87
female,group E,some high school,standard,completed,80,85,85,67,hockey,76,54,88
female,group D,some college,standard,none,98,100,99,68,football,63,78,94
male,group D,master's degree,standard,none,81,81,84,80,athletics,80,73,81
female,group B,some high school,standard,completed,60,70,74,61,hockey,74,45,99
female,group B,associate's degree,free/reduced,completed,76,94,87,100,football,87,60,93
male,group C,associate's degree,standard,completed,73,78,72,65,football,61,34,88
female,group C,associate's degree,standard,completed,96,96,99,90,cricket,90,73,93
female,group C,high school,standard,none,76,76,74,44,football,76,82,88
male,group E,associate's degree,free/reduced,completed,91,73,80,87,cricket,81,84,95
female,group C,some college,free/reduced,none,62,72,70,68,football,70,90,90
male,group D,some high school,free/reduced,completed,55,59,59,69,football,78,78,99
female,group B,some high school,free/reduced,completed,74,90,88,81,hockey,81,74,93
male,group C,high school,standard,none,50,48,42,84,football,54,50,99
male,group B,some college,standard,none,47,43,41,69,athletics,53,63,91
male,group E,some college,standard,completed,81,74,71,62,hockey,72,54,81
female,group E,associate's degree,standard,completed,65,75,77,66,hockey,67,68,87
male,group E,some high school,standard,completed,68,51,57,82,football,70,43,96
female,group D,high school,free/reduced,none,73,92,84,71,football,68,81,85
male,group C,some college,standard,none,53,39,37,71,hockey,73,76,82
female,group B,associate's degree,free/reduced,completed,68,77,80,76,athletics,78,77,82
male,group A,some high school,free/reduced,none,55,46,43,58,athletics,78,80,99
female,group C,some college,standard,completed,87,89,94,67,football,64,81,84
male,group D,some high school,standard,none,55,47,44,72,hockey,69,53,86
female,group E,some college,free/reduced,none,53,58,57,81,hockey,49,86,98
male,group C,master's degree,standard,none,67,57,59,72,cricket,67,55,90
male,group C,associate's degree,standard,none,92,79,84,83,hockey,88,76,82
female,group B,some college,free/reduced,completed,53,66,73,67,cricket,39,59,92
male,group D,associate's degree,standard,none,81,71,73,82,cricket,74,56,85
male,group C,high school,free/reduced,none,61,60,55,72,football,67,65,88
male,group D,bachelor's degree,standard,none,80,73,72,82,hockey,53,84,93
female,group A,associate's degree,free/reduced,none,37,57,56,50,cricket,46,78,94
female,group C,high school,standard,none,81,84,82,65,athletics,80,79,98
female,group C,associate's degree,standard,completed,59,73,72,88,football,61,70,96
male,group B,some college,free/reduced,none,55,55,47,100,hockey,71,86,99
male,group D,associate's degree,standard,none,72,79,74,52,football,79,74,95
male,group D,high school,standard,none,69,75,71,50,football,66,86,85
male,group C,some college,standard,none,69,64,68,82,hockey,65,57,100
female,group C,bachelor's degree,free/reduced,none,50,60,59,62,athletics,88,85,100
male,group B,some college,standard,completed,87,84,86,87,hockey,58,38,91
male,group D,some high school,standard,completed,71,69,68,58,football,72,67,82
male,group E,some college,standard,none,68,72,65,57,football,88,90,80
male,group C,master's degree,free/reduced,completed,79,77,75,80,hockey,94,65,100
female,group C,some high school,standard,completed,77,90,85,80,athletics,44,53,86
male,group C,associate's degree,free/reduced,none,58,55,53,79,cricket,69,72,98
female,group E,associate's degree,standard,none,84,95,92,57,cricket,43,74,96
male,group D,some college,standard,none,55,58,52,60,hockey,54,66,84
male,group E,bachelor's degree,free/reduced,completed,70,68,72,58,cricket,61,77,84
female,group D,some college,free/reduced,completed,52,59,65,76,cricket,57,70,93
male,group B,some college,standard,completed,69,77,77,72,hockey,73,52,96
female,group C,high school,free/reduced,none,53,72,64,55,hockey,54,80,82
female,group D,some high school,standard,none,48,58,54,41,cricket,74,68,89
male,group D,some high school,standard,completed,78,81,86,57,athletics,68,48,83
female,group B,high school,standard,none,62,62,63,68,cricket,74,87,91
male,group D,some college,standard,none,60,63,59,62,hockey,48,68,95
female,group B,high school,standard,none,74,72,72,70,cricket,44,74,93
female,group C,high school,standard,completed,58,75,77,53,cricket,53,89,91
male,group B,high school,standard,completed,76,62,60,82,athletics,77,48,89
female,group D,some high school,standard,none,68,71,75,87,cricket,67,66,85
male,group A,some college,free/reduced,none,58,60,57,43,football,75,53,87
male,group B,high school,standard,none,52,48,49,68,cricket,58,73,95
male,group D,bachelor's degree,standard,none,75,73,74,54,football,74,24,100
female,group B,some high school,free/reduced,completed,52,67,72,76,cricket,76,81,99
female,group C,bachelor's degree,free/reduced,none,62,78,79,64,cricket,64,89,94
male,group B,some college,standard,none,66,65,60,71,athletics,51,67,81
female,group B,some high school,free/reduced,none,49,58,55,53,cricket,57,74,88
female,group B,high school,standard,none,66,72,70,79,football,71,60,80
female,group C,some college,free/reduced,none,35,44,43,60,cricket,54,86,90
female,group A,some college,standard,completed,72,79,82,93,football,64,52,97
male,group E,associate's degree,standard,completed,94,85,82,27,hockey,83,39,98
female,group D,associate's degree,free/reduced,none,46,56,57,62,cricket,34,72,86
female,group B,master's degree,standard,none,77,90,84,69,cricket,70,65,100
female,group B,high school,free/reduced,completed,76,85,82,81,football,28,79,80
female,group C,associate's degree,standard,completed,52,59,62,74,athletics,56,70,93
male,group C,bachelor's degree,standard,completed,91,81,79,72,football,85,77,91
female,group B,some high school,standard,completed,32,51,44,65,cricket,67,44,92
female,group E,some high school,free/reduced,none,72,79,77,62,hockey,84,90,86
female,group B,some college,standard,none,19,38,32,67,football,61,51,95
male,group C,associate's degree,free/reduced,none,68,65,61,73,cricket,91,80,92
female,group C,master's degree,free/reduced,none,52,65,61,69,football,95,75,100
female,group B,high school,standard,none,48,62,60,43,cricket,68,62,81
female,group D,some college,free/reduced,none,60,66,70,36,athletics,66,77,88
male,group D,high school,free/reduced,none,66,74,69,57,cricket,70,67,95
male,group E,some high school,standard,completed,89,84,77,73,hockey,60,62,91
female,group B,high school,standard,none,42,52,51,50,cricket,62,100,99
female,group E,associate's degree,free/reduced,completed,57,68,73,80,cricket,86,49,88
male,group D,high school,standard,none,70,70,70,59,hockey,60,72,97
female,group E,associate's degree,free/reduced,none,70,84,81,83,cricket,69,63,84
male,group E,some college,standard,none,69,60,54,80,hockey,67,72,100
female,group C,associate's degree,standard,none,52,55,57,71,cricket,74,79,91
male,group C,some high school,standard,completed,67,73,68,86,football,61,96,94
male,group C,some high school,standard,completed,76,80,73,48,cricket,59,46,100
female,group E,associate's degree,standard,none,87,94,95,70,football,68,54,89
female,group B,some college,standard,none,82,85,87,54,cricket,77,85,96
female,group C,some college,standard,none,73,76,78,73,cricket,52,66,81
male,group A,some college,free/reduced,none,75,81,74,78,football,73,39,94
female,group D,some college,free/reduced,none,64,74,75,56,football,78,82,80
female,group E,high school,free/reduced,none,41,45,40,82,hockey,100,82,96
male,group C,high school,standard,none,90,75,69,48,cricket,96,72,99
male,group B,bachelor's degree,standard,none,59,54,51,66,hockey,58,72,91
male,group A,some high school,standard,none,51,31,36,71,cricket,71,58,94
male,group A,high school,free/reduced,none,45,47,49,83,football,58,59,84
female,group C,master's degree,standard,completed,54,64,67,85,cricket,70,72,92
male,group E,some high school,standard,completed,87,84,76,42,cricket,53,97,86
female,group C,high school,standard,none,72,80,83,59,hockey,39,83,90
male,group B,some high school,standard,completed,94,86,87,68,football,71,78,93
female,group A,bachelor's degree,standard,none,45,59,64,95,hockey,54,78,94
male,group D,bachelor's degree,free/reduced,completed,61,70,76,58,cricket,56,95,92
female,group B,high school,free/reduced,none,60,72,68,73,cricket,85,64,94
female,group C,some high school,standard,none,77,91,88,45,football,54,68,84
female,group A,some high school,standard,completed,85,90,92,77,football,68,71,100
female,group D,bachelor's degree,free/reduced,none,78,90,93,51,cricket,90,71,97
male,group E,some college,free/reduced,completed,49,52,51,41,football,76,67,92
female,group B,high school,free/reduced,none,71,87,82,68,cricket,84,64,96
female,group C,some high school,free/reduced,none,48,58,52,85,hockey,78,65,88
male,group C,high school,standard,none,62,67,58,88,football,60,77,83
female,group C,associate's degree,free/reduced,completed,56,68,70,76,cricket,82,90,92
female,group C,some high school,standard,none,65,69,76,59,hockey,78,74,98
female,group D,some high school,free/reduced,completed,69,86,81,61,cricket,75,62,91
male,group B,some high school,standard,none,68,54,53,57,hockey,73,75,91
female,group A,some college,free/reduced,none,61,60,57,75,football,91,73,100
female,group C,bachelor's degree,free/reduced,completed,74,86,89,45,cricket,88,61,95
male,group A,bachelor's degree,standard,none,64,60,58,59,cricket,62,68,89
female,group B,high school,standard,completed,77,82,89,65,cricket,72,46,88
male,group B,some college,standard,none,58,50,45,50,football,90,64,83
female,group C,high school,standard,completed,60,64,74,50,cricket,49,77,80
male,group E,high school,standard,none,73,64,57,65,cricket,75,32,90
female,group A,high school,standard,completed,75,82,79,82,cricket,76,73,81
male,group B,associate's degree,free/reduced,completed,58,57,53,74,cricket,78,77,86
female,group C,associate's degree,standard,none,66,77,73,66,cricket,61,41,81
female,group D,high school,free/reduced,none,39,52,46,75,hockey,74,87,85
male,group C,some high school,standard,none,64,58,51,63,football,69,66,88
female,group B,high school,free/reduced,completed,23,44,36,55,cricket,84,43,96
male,group B,some college,free/reduced,completed,74,77,76,59,cricket,66,73,83
female,group D,some high school,free/reduced,completed,40,65,64,53,hockey,73,63,91
male,group E,master's degree,standard,none,90,85,84,93,football,50,54,92
male,group C,master's degree,standard,completed,91,85,85,92,cricket,65,90,87
male,group D,high school,standard,none,64,54,50,61,cricket,56,76,85
female,group C,high school,standard,none,59,72,68,75,cricket,93,84,99
male,group D,associate's degree,standard,none,80,75,69,65,hockey,100,73,90
male,group C,master's degree,standard,none,71,67,67,49,cricket,73,81,87
female,group A,high school,standard,none,61,68,63,100,cricket,81,78,100
female,group E,some college,standard,none,87,85,93,44,cricket,86,64,83
male,group E,some high school,standard,none,82,67,61,61,hockey,62,60,81
male,group C,some high school,standard,none,62,64,55,64,football,69,61,91
female,group B,bachelor's degree,standard,none,97,97,96,53,cricket,73,82,86
male,group B,some college,free/reduced,none,75,68,65,100,cricket,56,79,83
female,group C,bachelor's degree,standard,none,65,79,81,66,cricket,55,66,99
male,group B,high school,standard,completed,52,49,46,53,hockey,55,75,95
male,group C,associate's degree,free/reduced,none,87,73,72,58,football,64,81,80
female,group C,associate's degree,standard,none,53,62,53,37,cricket,85,64,92
female,group E,master's degree,free/reduced,none,81,86,87,79,cricket,84,51,90
male,group D,bachelor's degree,free/reduced,completed,39,42,38,54,cricket,29,84,83
female,group C,some college,standard,completed,71,71,80,68,cricket,62,81,96
male,group C,associate's degree,standard,none,97,93,91,59,hockey,79,79,94
male,group D,some college,standard,completed,82,82,88,78,cricket,75,51,93
male,group C,high school,free/reduced,none,59,53,52,76,cricket,82,76,84
male,group B,associate's degree,standard,none,61,42,41,53,cricket,83,77,84
male,group E,associate's degree,free/reduced,completed,78,74,72,75,cricket,85,84,92
male,group C,associate's degree,free/reduced,none,49,51,51,68,hockey,95,87,90
male,group B,high school,standard,none,59,58,47,100,cricket,93,72,98
female,group C,some college,standard,completed,70,72,76,60,cricket,84,93,89
male,group B,associate's degree,standard,completed,82,84,78,56,cricket,96,90,80
male,group E,associate's degree,free/reduced,none,90,90,82,69,cricket,74,88,87
female,group C,bachelor's degree,free/reduced,none,43,62,61,70,cricket,82,79,85
male,group C,some college,free/reduced,none,80,64,66,85,cricket,31,67,86
male,group D,some college,standard,none,81,82,84,73,cricket,45,82,87
male,group C,some high school,standard,none,57,61,54,45,cricket,65,64,96
female,group D,some high school,standard,none,59,72,80,78,hockey,90,61,90
female,group D,associate's degree,standard,none,64,76,74,79,cricket,82,41,80
male,group C,bachelor's degree,standard,completed,63,64,66,57,cricket,84,64,100
female,group E,bachelor's degree,standard,completed,71,70,70,53,cricket,41,34,85
female,group B,high school,free/reduced,none,64,73,71,87,cricket,68,90,94
male,group D,bachelor's degree,free/reduced,none,55,46,44,51,hockey,24,73,87
female,group E,associate's degree,standard,none,51,51,54,46,football,65,74,98
female,group C,associate's degree,standard,completed,62,76,80,65,cricket,63,76,93
female,group E,associate's degree,standard,completed,93,100,95,54,cricket,81,67,81
male,group C,high school,free/reduced,none,54,72,59,54,cricket,58,75,81
female,group D,some college,free/reduced,none,69,65,74,82,cricket,83,76,83
male,group D,high school,free/reduced,none,44,51,48,76,hockey,79,75,92
female,group E,some college,standard,completed,86,85,91,77,hockey,72,73,85
female,group E,associate's degree,standard,none,85,92,85,73,football,55,51,92
female,group A,master's degree,free/reduced,none,50,67,73,92,cricket,45,70,86
male,group D,some high school,standard,completed,88,74,75,67,cricket,95,57,82
female,group E,associate's degree,standard,none,59,62,69,84,football,72,70,93
female,group E,some high school,free/reduced,none,32,34,38,72,cricket,67,61,98
male,group B,high school,free/reduced,none,36,29,27,70,cricket,54,78,81
female,group B,some high school,free/reduced,completed,63,78,79,66,cricket,52,53,99
male,group D,associate's degree,standard,completed,67,54,63,61,cricket,56,82,95
female,group D,some high school,standard,completed,65,78,82,82,hockey,68,79,83
male,group D,master's degree,standard,none,85,84,89,95,cricket,67,79,93
female,group C,master's degree,standard,none,73,78,74,84,hockey,67,59,84
female,group A,high school,free/reduced,completed,34,48,41,74,cricket,63,76,85
female,group D,bachelor's degree,free/reduced,completed,93,100,100,53,hockey,48,52,90
female,group D,some high school,free/reduced,none,67,84,84,70,football,78,65,89
male,group D,some college,standard,none,88,77,77,63,cricket,83,75,87
male,group B,high school,standard,none,57,48,51,77,cricket,67,63,92
female,group D,some college,standard,completed,79,84,91,78,cricket,76,78,96
female,group C,bachelor's degree,free/reduced,none,67,75,72,66,cricket,63,95,80
male,group E,bachelor's degree,standard,completed,70,64,70,80,cricket,45,61,80
male,group D,bachelor's degree,free/reduced,none,50,42,48,63,hockey,58,84,97
female,group A,some college,standard,none,69,84,82,90,cricket,51,75,82
female,group C,bachelor's degree,standard,completed,52,61,66,64,cricket,34,67,81
female,group C,bachelor's degree,free/reduced,completed,47,62,66,99,cricket,91,81,91
female,group B,associate's degree,free/reduced,none,46,61,55,59,hockey,74,80,93
female,group E,some college,standard,none,68,70,66,46,cricket,59,61,94
male,group E,bachelor's degree,standard,completed,100,100,100,74,cricket,82,84,90
female,group C,high school,standard,none,44,61,52,77,cricket,82,58,93
female,group C,associate's degree,standard,completed,57,77,80,60,cricket,82,55,80
male,group B,some college,standard,completed,91,96,91,88,hockey,77,81,91
male,group D,high school,free/reduced,none,69,70,67,69,cricket,73,77,99
female,group C,high school,free/reduced,none,35,53,46,56,hockey,78,78,98
male,group D,high school,standard,none,72,66,66,38,football,65,97,100
female,group B,associate's degree,free/reduced,none,54,65,65,73,cricket,90,76,87
male,group D,high school,free/reduced,none,74,70,69,69,cricket,47,84,92
male,group E,some high school,standard,completed,74,64,60,83,cricket,73,61,98
male,group E,associate's degree,free/reduced,none,64,56,52,75,cricket,84,85,94
female,group D,high school,free/reduced,completed,65,61,71,81,cricket,76,82,97
male,group E,associate's degree,free/reduced,completed,46,43,44,52,cricket,85,84,82
female,group C,some high school,free/reduced,none,48,56,51,86,cricket,51,65,92
male,group C,some college,free/reduced,completed,67,74,70,79,cricket,90,82,82
male,group D,some college,free/reduced,none,62,57,62,84,cricket,86,63,90
male,group D,associate's degree,free/reduced,completed,61,71,73,68,cricket,62,82,92
male,group C,bachelor's degree,free/reduced,completed,70,75,74,61,cricket,63,87,94
male,group C,associate's degree,standard,completed,98,87,90,74,hockey,73,55,92
male,group D,some college,free/reduced,none,70,63,58,58,football,86,47,81
male,group A,associate's degree,standard,none,67,57,53,68,cricket,56,81,91
female,group E,high school,free/reduced,none,57,58,57,68,cricket,99,84,98
male,group D,some college,standard,completed,85,81,85,88,cricket,71,43,86
male,group D,some high school,standard,completed,77,68,69,74,cricket,39,79,96
male,group C,master's degree,free/reduced,completed,72,66,72,74,cricket,83,82,91
female,group D,master's degree,standard,none,78,91,96,80,cricket,67,68,81
male,group C,high school,standard,none,81,66,64,60,cricket,71,62,84
male,group A,some high school,free/reduced,completed,61,62,61,66,cricket,68,74,95
female,group B,high school,standard,none,58,68,61,44,cricket,78,75,93
female,group C,associate's degree,standard,none,54,61,58,62,cricket,47,92,86
male,group B,high school,standard,none,82,82,80,82,cricket,72,55,80
female,group D,some college,free/reduced,none,49,58,60,66,cricket,55,80,90
male,group B,some high school,free/reduced,completed,49,50,52,96,cricket,75,95,94
female,group E,high school,free/reduced,completed,57,75,73,78,cricket,65,66,90
male,group E,high school,standard,none,94,73,71,92,cricket,68,48,99
female,group D,some college,standard,completed,75,77,83,38,cricket,89,92,99
female,group E,some high school,free/reduced,none,74,74,72,59,cricket,63,53,83
male,group C,high school,standard,completed,58,52,54,85,cricket,65,79,85
female,group C,some college,standard,none,62,69,69,66,cricket,82,59,98
male,group E,associate's degree,standard,none,72,57,62,99,cricket,48,79,89
male,group C,some college,standard,none,84,87,81,70,cricket,84,63,84
female,group D,master's degree,standard,none,92,100,100,55,cricket,81,58,89
female,group D,high school,standard,none,45,63,59,70,football,99,73,80
male,group C,high school,standard,none,75,81,71,55,cricket,77,100,92
female,group A,some college,standard,none,56,58,64,78,hockey,75,80,87
female,group D,some high school,free/reduced,none,48,54,53,58,cricket,70,70,85
female,group E,associate's degree,standard,none,100,100,100,85,football,61,72,82
female,group C,some high school,free/reduced,completed,65,76,75,63,hockey,42,83,89
male,group D,some college,standard,none,72,57,58,62,athletics,73,58,100
female,group D,some college,standard,none,62,70,72,76,football,72,42,100
male,group A,some high school,standard,completed,66,68,64,94,cricket,60,54,94
male,group C,some college,standard,none,63,63,60,67,cricket,80,75,82
female,group E,associate's degree,standard,none,68,76,67,66,hockey,100,52,85
female,group B,bachelor's degree,standard,none,75,84,80,58,cricket,72,100,89
female,group D,bachelor's degree,standard,none,89,100,100,50,cricket,58,71,94
male,group C,some high school,standard,completed,78,72,69,62,athletics,71,65,88
female,group A,high school,free/reduced,completed,53,50,60,78,hockey,91,37,93
female,group D,some college,free/reduced,none,49,65,61,56,cricket,67,78,98
female,group A,some college,standard,none,54,63,67,49,cricket,76,70,83
female,group C,some college,standard,completed,64,82,77,76,cricket,63,83,97
male,group B,some college,free/reduced,completed,60,62,60,42,football,49,76,82
male,group C,associate's degree,standard,none,62,65,58,78,cricket,93,58,92
male,group D,high school,standard,completed,55,41,48,58,hockey,81,74,90
female,group C,associate's degree,standard,none,91,95,94,71,football,70,73,99
female,group B,high school,free/reduced,none,8,24,23,48,cricket,88,43,93
male,group D,some high school,standard,none,81,78,78,100,hockey,49,91,98
male,group B,some high school,standard,completed,79,85,86,85,athletics,58,93,100
female,group A,some college,standard,completed,78,87,91,65,cricket,61,58,100
female,group C,some high school,standard,none,74,75,82,68,cricket,66,64,99
male,group A,high school,standard,none,57,51,54,53,football,78,80,94
female,group C,associate's degree,standard,none,40,59,51,84,hockey,37,52,96
male,group E,some high school,standard,completed,81,75,76,77,cricket,57,69,87
female,group A,some high school,free/reduced,none,44,45,45,100,cricket,81,56,91
female,group D,some college,free/reduced,completed,67,86,83,46,cricket,57,48,89
male,group E,high school,free/reduced,completed,86,81,75,27,football,59,89,81
female,group B,some high school,standard,completed,65,82,78,63,hockey,84,79,100
female,group D,associate's degree,free/reduced,none,55,76,76,58,football,84,66,84
female,group D,bachelor's degree,free/reduced,none,62,72,74,58,cricket,84,55,95
male,group A,high school,standard,none,63,63,62,76,cricket,89,39,92
female,group E,master's degree,standard,completed,88,99,95,88,cricket,38,83,96
male,group C,high school,free/reduced,none,62,55,55,99,cricket,89,100,92
female,group C,high school,free/reduced,completed,59,71,65,87,cricket,57,24,83
female,group D,some college,standard,completed,68,78,77,57,cricket,81,53,92
female,group D,some college,free/reduced,none,77,86,86,78,cricket,67,71,82
